question,answer
What courses are offered?,"KGISL offers B.E/B.Tech programs in CSE, IT, ECE, EEE, Mechanical, AI & DS, AI & ML, Cybersecurity and more."
What is the admission process?,Admissions are through TNEA counseling based on +2 cutoff plus management quota options.
What is the placement record?,"KGISL has strong placements with multiple MNCs, average packages around 3–5 LPA and highest above 10 LPA depending on branch."
Is there hostel facility?,"Yes, separate hostels for boys and girls with WiFi, mess, study hall, and 24/7 security."
What is the fee structure?,"Fees vary by department. Approx 60,000–1,50,000 per year depending on stream and quota."
Are scholarships available?,"Yes, scholarships based on merit, sports quota, first graduate concession, and government schemes."
Is transport available?,"Yes, buses operate across Coimbatore and nearby districts."
What is the cutoff?,Cutoff changes each year based on TNEA ranks. CSE/AI typically have higher cutoffs.
What are the eligibility criteria?,Pass in 12th with PCM. TNEA counseling rank determines eligibility for most seats.
Where is the campus located?,"KGISL Institute of Technology is located in Saravanampatti, Coimbatore."
How is campus life?,"Campus includes labs, library, sports, clubs, events, coding communities, and industry-integrated learning."
How to contact the college?,You can contact through the official website or admissions phone number on the site.
